0,1,2,3,4,5,6,7,8,9,10,11,12,13,14,15,16,17,18,19,20,21,22,23,24,25,26,27,28,29,30,31,32,33,34,35,36,37,38,39
insula,anterior insula,disgust,interoceptive,insular cortex,posterior insula,bilateral,ci,ds,process,role,right,involved,interaction,bodily,awareness,sensitive,state,body,information,feeling,well,sensation,visceral,subject,dorsal anterior,core,somatic,cortex,cingulate cortex,attention,internal,frontal operculum,involvement,analysis,sensory,insular region,ventral anterior,representation,insular cortices
picture,valence,arousal,neural,stimuli,viewing,rating,neutral pictures,image,presented,related,contrast,specific,neutral stimuli,set,dimensional,relevant,fixation,see,aversive,brain,subject,finding,effect,general,stimulus,unpleasant,higher,event,experimental,induced,system,well,rate,scale,negative neutral,response,part,pleasant,addition
system,complex,simple,form,structure,process,stem,morphology,ii,like,step,case,well,basic,division,frequency,demand,central,contrast,morphological processing,number,parallel,distribution,fundamental,characteristic,based,temporal,root,supporting,major,sequence,limited,bilateral,general,iv,multi,theories,architecture,feature,section
mpfc,physical,status,medial prefrontal cortex,oc,dorsal,hierarchy,medial prefrontal,x,ventral,role,financial,lower,greater,results,information,research,relationship,scanning,movement,mental,daily,ms,human,echo,causal,people,knowledge,characteristic,form,superior,university,strip,angle,inference,dominant,work,dimensional,formation,everyday
motion,sts,psts,biological,dynamic,static,human,dots,sensitive,region,perception,point,animacy,visual motion,analysis,stimuli,form,movement,random,right,light,motion perception,posterior,optic flow,selective,head,area,superior temporal sulcus,defined,contrast,information,response,hemisphere,like,results,process,cues,task,viewing,posterior superior temporal sulcus
sound,auditory,tone,noise,process,pt,auditory cortex,acoustic,frequency,ear,presented,auditory stimuli,listening,hearing,level,primary auditory cortex,heschl gyrus,pure,duration,temporal,perception,silent,hearing loss,left,bilateral,sensitive,heard,stimuli,may,results,response,area,passive,planum temporale,loudness,related,complex,rate,right,continuous
load,difficult,demand,manipulation,task difficulty,increased,hard,resource,process,level,cognitive load,number,response,trial,dependent,capacity,condition,memory load,linear,set,letter,accuracy,item,maintenance,higher,bilateral,task demands,demanding,cognitive,high,information,lower,one,fluid intelligence,decreased,working memory,theory,presented,model,greater
feature,distractor,binding,based,filtering,accuracy,color,relevant,type,cortex,dimensional,may,contribution,combined,image,top,set,conjunction,specific,absent,conjunction search,cross,without,feature extraction,beta,single,information,role,detection,due,capture,rate,task relevant,selection,search,reported,feature search,bind,sensitive,enhancement
pitch,vocal,vocalization,singing,shift,auditory feedback,interval,neural,tone,auditory,phonation,stg,laryngeal,production,melody,right,voice,may,involved,frequency,interaction,compensate,bilateral,condition,process,difference,simple,planum polare,planum temporale,fixed,fold,speaking,cortical,magnitude,contour,sensory,human,fundamental,musicians,mechanisms
sad,mood,happy,induction,alexithymia,sadness,happiness,neural,rating,brain,scale,healthy,increased,state,film,self report,feeling,stimuli,reported,induced,positive,subject,difference,negative,associated,depression,point,reactivity,higher,affect,model,experience,finding,dimensional,experimental,difficult,presented,cognitive,irritability,total
sequence,practice,day,order,sequential,random,task,performance,retention,sequence learning,motor learning,first,skill,motor,specific,serial,results,behavior,four,structure,test,process,one,dependent,skill learning,position,pattern,change,difference,error,motor sequence learning,representation,ms,number,eg,increased,trial,contrast,response,level
moral,people,violations,harm,judgment,competence,neural,process,norm,response,person,issue,acts,social norm,brain,associated,social,good,behavior,reasoning,results,action,sensitive,decision making,care,individual,presented,psychological,cognition,intuition,may,based,deliberate,story,increased,reported,type,role,contrast,morality
co,olfactory,odor,attentional bias,process,trigeminal,concentration,system,olfaction,intensity,piriform cortex,function,identification,perception,stimulation,smell,threshold,nasal,insula,presented,detection,human,orbitofrontal cortex,paradigm,olfactory bulb,associated,test,structure,order,sensory,one,higher,detected,pea,induced,primary,specific,sniffing,anomia,secondary
speech,left,deaf,hearing,speaker,syllables,speech production,speech perception,stuttering,articulation,sign,phonetic,production,spoken,sts,bilateral,auditory,listening,sign language,acoustic,may,perception,speech processing,task,stream,fluent,neural,noise,superior temporal,greater,intelligibility,speaking,process,language,contrast,region,mouth,hemisphere,signal,lip
language,linguistic,left,broca area,process,language processing,region,structure,function,syntactic,see,pars opercularis,language network,syntactic processing,subject,pars triangularis,well,inferior frontal,inferior frontal gyrus,syntax,case,language production,ba 44,word,order,german,perisylvian,may,specific,dependent,second,role,non,task,first,results,broca,general,one,word order
region,brain,analysis,may,greater,function,show,involved,results,associated,finding,one,suggest,specific,image,work,difference,multiple,research,threshold,addition,thought,first,cortex,general,defined,set,second,average,role,center,least,see,common,large,use,system,process,relationship,left
outcome,gain,loss,probability,expectation,expected,losses,prediction error,trial,unexpected,gambling,pe,monetary,regret,event,one,difference,sensitive,magnitude,value,higher,contrast,results,potential,uncertainty,task,comparison,pes,x,card,signal,reinforcement learning,loss aversion,prediction,model,reported,behavior,role,instrumental,experience
stimulation,contralateral,tactile,si,somatosensory,ipsilateral,sensory,sii,electrical,activation,induced,bilateral,human,afferent,cortical,finger,neuronal,threshold,primary somatosensory cortex,field,subject,somatosensory cortex,frequency,individual,rest,signal,single,maps,vibrotactile,parietal operculum,nerve,unilateral,median nerve,cutaneous,sensation,well,secondary somatosensory cortex,fiber,representation,response
neural,associated,relationship,behavior,may,analysis,related,finding,greater,process,research,region,individual difference,function,results,regression,work,measures,mechanisms,level,brain,future,suggest,complete,well,task,response,based,one,see,multiple,individual,model,understanding,linked,potential,activity,role,effect,ability
selection,competing,facilitation,response selection,mechanisms,biased,increased,demand,may,multiple,active,long term,item,short term,one,based,ms,set,response latency,time,representation,strength,trial,number,sensitive,research,results,dominant,inconsistent,process,resolution,single,modification,subsequent,average,bias,response latencies,driven,role,suggest
image,function,brain,analysis,ms,time,results,effect,level,subject,region,first,head,echo,acquired,signal,contrast,acquisition,high,sequence,te,scanning,one,resolution,correct,anatomical,matrix,model,t1,size,angle,magnetic,group,system,presented,right,linear,reported,field,second
period,delay,sustained,ppc,trial,delayed,transient,maintenance,match,sample,immediate,time,test,event,information,baseline,specific,long,maintaining,interval,human,posterior parietal cortex,short,onset,related,active,multiple,set,representation,retention,persistent,signal,tonic,single,type,preparation,lateral,subject,results,second
decision,choice,value,decision making,trial,behavior,subject,task,preference,one,difference,based,chosen,model,rate,probability,immediate,point,discounting,time,choose,neural,first,analysis,function,individual,making,information,evaluation,uncertainty,delay discounting,utility,process,second,presented,expected,price,reward,see,level
reho,alff,brain,region,spontaneous,value,resting state,function,activity,decreased,frequency,abnormal,increased,may,analysis,low,time,head,results,activities,bilateral,local,motion,difference,image,higher,neural,sample,first,ms,test,precuneus,method,finding,group,size,alteration,related,rest,neuronal
effect,interaction,main,analysis,see,region,results,first,related,level,contrast,type,finding,difference,measures,second,behavior,due,post,increased,reported,left,hoc,time,dependent,specific,x,subject,sensitive,influence,one,size,reduced,condition,model,experimental,general,order,expected,correct
verbal,creativity,intelligence,creative,nonverbal,left,associated,verbal memory,right,test,divergent thinking,brain,ability,generation,reported,fluency,achievement,performance,task,process,finding,general,higher,individual,uses,may,figural,information,creative thinking,total,domain,number,role,academic,fluid,au,tumor,novel,characteristic,new
error,dacc,correct,rate,monitoring,process,related,incorrect,trial,response,post,dorsal anterior,event,adjustment,behavior,associated,performance monitoring,number,may,x,cognitive control,task,cingulate cortex,one,conflict,failure,role,error detection,performance,medial frontal,signal,increased,type,based,see,subsequent,cingulate,analysis,results,detection
connectivity,analysis,functional connectivity,region,interaction,strength,network,time,increased,pattern,anatomical,see,function,structure,may,psychophysiological,direct,specific,pathway,difference,well,subject,change,influence,rest,approach,defined,ia,physiological,driven,altered,dependent,measures,based,cortex,first,center,left,method,sample
ips,number,adaptation,distance,numerical,magnitude,digit,process,comparison,symbolic,representation,mathematical,intraparietal sulcus,parietal,effect,counting,size,dots,parietal cortex,order,left,right,neural,line,small,presented,large,estimation,see,symbols,neuronal,intraparietal,activation,single,difference,bilateral,non,one,unit,ms
carrier,gene,genetic,associated,met,brain,variant,effect,sample,function,risk,phenotype,expression,analysis,difference,environmental,healthy,ca,status,protein,human,neuronal,may,level,x,reported,multiple,pathway,influence,number,dependent,results,single,deletion,impact,model,based,finding,disorder,increased
volume,structure,gray matter,brain,image,analysis,difference,grey matter,white matter,region,based,density,reduction,associated,results,finding,total,age,reported,size,relationship,anatomical,may,change,comparison,morphology,t1,alteration,gray,specific,global,multiple,csf,sample,related,well,non,local,correct,reduced
location,stroke,recovery,exercise,vwm,change,brain,post,function,rehabilitation,test,time,subcortical,ischemic,hemisphere,infarction,may,paretic,reorganization,healthy,one,associated,upper,good,poor,first,motor function,longitudinal,outcome,therapy,induced,point,animal,assessment,extremity,combined,index,onset,meyer,physical
phase,test,x,duration,complete,place,divided,indices,section,subsequent,middle,button,fourth,problem,point,local,search,focused,circle,delay,kind,top,limit,press,axis,crossing,definition,hypokinesia,reaching,anti,loop,coordination,day,topic,a11,latency response,head injuries,breakthrough,locked syndrome,persistent
condition,difference,experimental,results,comparison,contrast,baseline,process,order,one,presented,neural,response,involved,four,analysis,level,test,main,first,instruction,higher,right,behavior,random,involvement,manipulation,paradigm,control,left,second,button,ms,hoc,based,information,finding,reaction time,paired,due
preference,sexual,bias,attractiveness,attitude,beauty,member,photographs,love,white,erotic,response,trustworthiness,stimuli,brain,arousal,racial,ideal,people,viewing,heterosexual,affect,biases,stereotyped,asian,homosexual,conformity,may,rating,opinion,results,neural,contrast,scale,first,human,finding,influence,desired,research
response,difference,greater,trial,event,function,stimulus,baseline,linear,may,model,contrast,reported,signal,onset,button,time,show,average,magnitude,paradigm,dependent,post,sensitive,mixed,defined,robust,correct,response time,subject,fixation,stimuli,type,measures,random,acquisition,middle,detection,hoc,suggest
hand,body,part,limb,bodies,one,ownership,upper,leg,body image,image,representation,lower,bodily,human,see,proprioceptive,fba,results,visual,body representation,space,extrastriate,illusion,reported,perception,distorted,selective,tool,subject,right,contrast,body schema,feet,personal space,representation body,cross,comparison,trunk,interaction
encoding,memory,retrieval,associated,remember,recognition,memories,episodic memory,information,process,encoded,encoding retrieval,presented,memory performance,left,memory retrieval,results,memory task,recall,subsequent,formation,related,difference,memory encoding,correct,success,episodic,region,retrieved,one,may,specific,subsequent memory,paradigm,list,see,analysis,forgetting,mnemonic,first
target,search,trial,ms,visual search,target detection,event,related,location,presented,position,behavior,detection,absent,reaction time,onset,set,detected,information,involved,standard,without,absence,accurate,goal,probability,based,paradigm,response time,see,defined,continuous,spatial,critical,relevant,one,interval,searching,frontal,process
segment,t2,t1,lag,contour,ab,surprise,lags,process,detected,second,first,short,continuous,long,correct,attentional blink,detection,interaction,presented,prp,stage,reported,line,limited,blink,stream,contrast,see,rate,interval,left,ca,cross,crosstalk,cortical,refractory,prolonged,trace,total
rating,empathy,scale,empathic,affective,feeling,experience,subject,cognitive,one,self report,vicarious,first,sharing,analysis,ex,results,see,contrast,shared,suffering,questionnaire,post,state,viewing,level,well,point,self,anterior insula,reported,second,observation,scanning,understanding,addition,taking,perception,bilateral,imagine
mid,cycle,ac,pg,na,st,peri,bs,hormone,ovarian,primary,somatomotor,second,sensitive,affect,day,lh,te1,oriented,transition,axis,contribution,secondary,fsh,alveolar,confusion,referred,net,natural,centro,concentration,daily,luteinizing,producing,primitive,intra,follicle,bell,auditory scene,entorhinal cortices
intensity,touch,temperature,skin,heat,cold,thermal,warm,sensation,distal,proximal,may,baseline,forearm,fiber,subject,arm,discrimination,stimulus,afferent,testing,reported,induced,threshold,perception,range,rate,contrast,addition,leg,first,slow,burning pain,central,coding,mechanisms,average,quality,contribution,mediated
stg,mtg,sub,neglect,superior temporal gyrus,middle temporal gyrus,bilateral,posterior,line,acg,sts,superior temporal,insula,system,number,associated,angular gyrus,temporal lobe,amblyopia,strabismus,mechanisms,visual,gyri,single,supramarginal gyrus,reported,show,temporal cortex,poor,without,temporal gyrus,deviation,exploratory,temporo parietal,stage,cluster,neuronal,rolandic,activities,index
model,causal,path,dynamic,level,one,neuronal,based,influence,function,first,information,modulatory,region,structure,results,inference,intrinsic,order,linear,analysis,probability,second,posterior,direct,top,family,see,interaction,approach,time,specific,experimental,selection,system,distribution,random,effect,activity,four
food,weight,eating,obesity,hunger,brain,image,energy,body,healthy,cues,insulin,appetitive,response,satiety,consumption,eating disorder,greater,associated,diet,increased,women,may,mass,high,fasting,anorexia nervosa,stimuli,reward,hypothalamus,binge,diabetes,gain,loss,dietary,show,related,rating,eating behavior,insula
expression,facial expression,facial,angry,neural,happy,face,emotional,fearful,neutral faces,anger,process,fearful faces,happy faces,fear,emotional faces,emotion recognition,response,stimuli,presented,recognition,affect,emotional expression,task,gender,fusiform gyrus,activation,disgust,happiness,accuracy,recognized,one,see,dynamic,finding,brain,social,behavior,viewing,direct
self,process,self referential,one,related,trait,reference,self esteem,relevant,person,contrast,self evaluation,information,may,precuneus,midline,comparison,neural,involved,judgment,sense,people,direct,structure,general,specific,task,thinking,see,presented,stimuli,psychological,role,results,making,main,cortical,show,condition,interaction
working memory,back,task,letter,capacity,memory,information,maintenance,span,verbal working,performance,storage,presented,rehearsal,short term memory,right,spatial working memory,verbal,function,one,fronto parietal,digit,activation,network,visual working memory,memory task,left,prefrontal,memory load,ms,sternberg,prefrontal cortex,load,button,updating,activity,manipulation,central executive,stimuli,phonological loop
dlpfc,pfc,vlpfc,prefrontal,cognitive control,prefrontal cortex,process,dorsolateral prefrontal cortex,region,may,bilateral,medial pfc,lateral,left,dorsolateral pfc,control,right,ventrolateral,ventrolateral prefrontal cortex,role,function,activation,top,cognitive,working memory,associated,finding,monitoring,interaction,goal,well,executive,results,dorsolateral,lateral prefrontal cortex,suggest,involved,frontal,level,dorsomedial
time,temporal,duration,interval,point,timing,second,onset,first,order,ms,trial,dynamic,event,process,long,short,rate,see,related,supra,experimental,spatial temporal,average,estimation,change,information,structure,neural,right,function,stimulus,range,analysis,constant,press,locked,button,sub,period
functional connectivity,resting state,function,region,analysis,brain,connectivity,time,based,rsfc,motion,maps,intrinsic,related,network,increased,head,image,results,signal,difference,rest,decreased,regression,may,pattern,finding,ms,first,echo,spatial,relationship,strength,correct,effect,sample,group,global,cluster,task
false,belief,true,pc,reasoning,postpartum,claim,may,photo,common,reality,story,associated,based,results,neural,agent,general,see,desired,location,truth,mental,presented,right,paradigm,contrast,comparison,conflict,rate,process,partial,sign,one,non,difference,state,basic,critical,role
implicit,explicit,fatigue,process,humor,t3,resolution,ms,mental fatigue,detection,implicit learning,boredom,may,t4,mental effort,effort,subject,reaction time,instruction,line,shyness,awareness,explicit learning,mental,demanding,search,without,increased,central,self report,sustained,expected,time,post,physical,fragile,chronic fatigue syndrome,middle,prolonged,modified
ptsd,trauma,symptom,traumatic,childhood,related,abuse,may,dissociation,tc,combat,veterans,associated,event,control,experience,without,severity,disorder,history,diagnosis,finding,increased,decreased,clinical,reported,symptom severity,sample,group,posttraumatic stress disorder,scale,healthy,sexual,psychiatric,iv,response,emotional,physical,non,alteration
problem,arithmetic,subtraction,addition,calculation,mental,problem solving,process,retrieval,solving,number,left,correct,angular gyrus,presented,involved,one,brain,simple,size,difference,results,difficult,first,small,large,use,digit,show,procedural,skill,ms,verbal,strategies,condition,role,student,cognitive,well,second
analysis,meta,conjunction,results,reported,process,based,function,region,specific,cluster,finding,brain,common,activation,domain,contrast,may,one,likelihood,maps,number,difference,map,approach,convergence,review,comparison,search,associated,well,distribution,see,effect,size,bilateral,role,space,estimation,related
fa,white matter,tract,fiber,md,value,image,integrity,tensor,structure,analysis,based,corpus callosum,region,pathway,maps,increased,associated,may,lower,measures,finding,space,results,higher,cingulum,relationship,cluster,probability,axonal,axial,white matter tracts,related,water,difference,myelin,fibre,acquired,spatial,bundle
categories,category,animal,selective,human,relevant,specific,category learning,continuous,difference,one,nn,grouping,dimensional,perceptual,defined,member,natural,structure,comparison,see,feature,typical,four,behavior,ii,space,specialization,nature,show,low level,cross,similarity,well,far,contrast,general,non,medical,difficult
children,adult,adolescents,development,age,difference,adolescent,brain,childhood,child,adulthood,greater,parent,group,early,change,sample,range,function,analysis,ages,finding,may,school,longitudinal,old,time,motion,region,show,skill,mature,reported,period,behavior,research,intelligence,results,pattern,head
left,right,bilateral,analysis,results,comparison,x,superior temporal gyrus,postcentral gyrus,region,value,threshold,inferior frontal gyrus,precentral gyrus,handed,involved,fusiform gyrus,middle temporal gyrus,middle frontal gyrus,test,reported,gyrus,detected,addition,neurological,superior frontal gyrus,presented,inferior temporal gyrus,hand,standard,middle occipital gyrus,parahippocampal gyrus,anterior,method,superior occipital gyrus,hemisphere,middle,lingual gyrus,cluster,inferior occipital gyrus
semantic,meaning,related,semantic processing,process,left,associated,retrieval,semantic memory,region,semantic information,metaphor,response,inferior frontal gyrus,word,involved,item,role,lexical,may,access,task,stimuli,relationship,specific,semantic knowledge,concept,involvement,anterior,demand,comparison,inferior frontal,control,decision,bilateral,ms,condition,angular gyrus,middle temporal gyrus,part
deficit,reduced,abnormal,disorder,function,dysfunction,impairment,may,finding,diagnosis,altered,decreased,clinical,reported,syndrome,reduction,hypoactivation,disturbance,psychiatric,specific,aberrant,diminished,mechanisms,potential,neurological,suggest,diagnosed,frontal,atypical,primary,characteristic,feature,basis,core,neurobiological,hyper,history,show,difficult,assessment
external,internal,identity,identification,environmental,identities,monitoring,low level,central,four,adaptation,information,rostrolateral,match,involved,long term,continuous,short term,consecutive,fixed,oriented,based,mechanisms,typical,anterior medial,test,absence,thought,model,role,intrinsic motivation,constant,representation,generate,attending,identity recognition,focus,core,planned,distance
et,al,van,conflict,value,results,research,smith,potential,standard,de,financial,absence,relationship,show,space,brain,line,error,see,number,blue,bar,red,reported,anatomical,left,price,johnson,color,individual,brown,right,contrast,miller,structure,threshold,martin,correct,der
evaluation,situation,appraisal,guilt,behavior,act,reaction,information,embarrassment,core,process,interaction,active,one,relevant,danger,crying,part,anger,feeling,critical,x,concept,adaptive,presented,involved,ego,control,psychological,assessment,role,system,activities,physical,theories,type,proneness,second,first,central
feedback,negative feedback,correct,trial,feedback processing,behavior,based,incorrect,positive,value,performance,information,task,sensitive,see,estimation,time,first,adjustment,positive negative,subsequent,expected,error,valence,presented,difference,analysis,subject,role,reinforcement,reinforcement learning,signal,one,declarative,interaction,manipulation,finding,computer,future,results
sentence,comprehension,syntactic,process,structure,narrative,story,level,role,sentence comprehension,presented,sentence processing,information,one,discourse,results,reading,word,left,interaction,complex,language comprehension,type,meaning,order,read,listening,activation,involved,difficult,lexical,text,may,critical,increased,correct,speaker,anomalous,active,part
switch,switching,preparation,repeat,task switching,trial,task set,flexibility,related,cognitive control,response,ms,stimulus,goal,left,mixed,associated,set,involved,cue,letter,executive control,sets,behavior,type,paradigm,specific,transition,error,mapping,single,role,interval,one,general,sequence,results,repetition,cognitive,pre sma
performance,accuracy,task,correct,reaction time,behavior,ability,behavioral performance,accurate,level,measures,response time,poor,analysis,test,brain,lower,efficiency,well,higher,trial,good,presented,incorrect,average,individual,right,variability,error,relationship,regression,ms,practice,button,number,testing,total,performance task,function,interval
strategy,strategies,reasoning,based,neurofeedback,use,process,heuristic,prototype,order,experimental,interaction,information,time,first,cognitive,inference,instruction,ability,presented,self regulation,deductive reasoning,theory,type,level,four,see,active,difference,mental,specific,second,validity,one,cognitive processes,without,involved,problem,linear,practice
visual,process,fusiform gyrus,matching,fusiform,local,global,occipito temporal,information,stream,occipital,cortex,pathway,may,bilateral,level,image,form,visual stimuli,lingual gyrus,ventral visual,involved,perceptual,visual information,recognition,visual area,matching task,interaction,ventral,match,area,middle occipital gyrus,presented,feature,order,early visual,stimuli,top,extrastriate,visual cortex
asd,autism,autistic,atypical,brain,diagnosis,autism spectrum disorder,group,typical,communication,social,finding,behavior,may,high,impairment,increased,scale,region,reported,control,children,clinical,abnormal,development,adult,sample,right,repetition,difference,interaction,reduced,age,process,intelligence,range,total,symptom,autism spectrum,restricted
schizophrenia,symptom,psychosis,first,healthy,illness,abnormal,psychotic,clinical,sibling,relatives,medication,may,patient,episode,associated,finding,analysis,sample,brain,deficit,reported,diagnosis,disorder,scale,region,iv,function,history,group,psychiatric,high risk,difference,positive,reduction,reduced,positive negative,results,chronic,duration
inhibition,response inhibition,nogo,task,inhibitory control,right,response,activation,related,correct,error,ms,motor response,neural,contrast,event,behavior,presma,trial,difference,cognitive control,may,control,stop signal,press,process,associated,inferior frontal gyrus,motor inhibition,see,increased,inferior frontal,prefrontal,reaction time,network,button,executive control,impulse,stimulus,letter
bilateral,frontal,precuneus,cortex,gyri,associated,inferior parietal,inferior frontal gyrus,inferior frontal,lobe,middle frontal gyrus,superior,parietal,prefrontal,network,well,medial frontal,superior frontal gyrus,insula,frontal cortex,inferior parietal lobule,area,precentral gyrus,prefrontal cortex,cuneus,cortices,supramarginal gyrus,anterior cingulate,middle temporal gyrus,neural,process,medical,comparison,angular gyrus,parietal cortex,middle frontal,superior temporal,superior parietal,frontal gyrus,involved
area,brain,involved,part,results,process,see,show,one,related,well,function,higher,analysis,case,first,order,role,specific,line,second,information,addition,due,least,general,activation,involvement,like,network,clear,may,usually,active,relevant,hand,basis,cortex,reported,without
group,difference,analysis,comparison,greater,results,one,sample,based,age,lower,show,pattern,test,hoc,contrast,higher,reported,post,measures,number,due,compensate,reduced,time,may,mixed,four,main,size,region,correct,research,non,complete,see,gender,finding,standard,defined
congruent,conflict,incongruent,trial,cognitive control,congruent incongruent,task,response,flanker,effect,behavior,process,ms,response conflict,simon,information,reaction time,stimulus,right,analysis,conflict resolution,condition,level,activation,mechanisms,based,associated,adjustment,increased,neural,stimuli,presented,interference,event,contrast,monitoring,one,resolution,ii,adaptation
person,perspective,taking,first,third,people,see,relevant,psychological,characteristic,instruction,involved,precuneus,cognitive,involvement,well,anosognosia,difference,one,based,situation,order,knowledge,subject,reported,little,presented,like,four,ability,mechanisms,x,second,main,part,show,unawareness,repression,personality traits,referred
event,future,past,episodic,autobiographical,default network,specific,autobiographical memory,memories,construction,see,thinking,imagine,simulation,process,general,retrieval,time,remember,associated,scanning,one,rating,contrast,experience,difference,analysis,person,episodic memory,task,network,number,mental,reported,core,memory,autobiographical memories,episode,thought,precuneus
pag,migraine,chronic pain,pain,central,brainstem,may,visceral,process,brain,attack,chronic,change,increased,headache,hyperalgesia,pressure,sensitization,somatic,sensory,function,rectal,fibromyalgia,crps,descending,structure,neuropathic pain,nociceptive,associated,syndrome,duration,altered,allodynia,healthy,system,pathway,difference,clinical,mechanisms,mechanical
fear,threat,avoidance,threatening,approach,temperament,safe,dental,pf,startle,defense,shock,fearful,increased,alone,avoid,aversive,related,potential,see,system,human,vigilance,escape,reaction,animal,arousal,avoidance behavior,finding,research,brain,stimuli,presented,context,state,appraisal,ms,measures,startle response,cues
fc,long,short,range,als,increased,region,brain,based,decreased,function,analysis,difference,strength,value,may,disease,related,altered,lower,alteration,reduced,bilateral,first,x,time,maps,higher,mapping,reduction,plus,gender,global,results,pattern,distance,reported,sample,head,motion
reading,letter,orthographic,left,readers,word,dyslexia,spelling,read,skill,region,visual word,occipito temporal,grapheme,task,form,typical,reported,single,specific,fixation,presented,first,consistency,string,test,written,fusiform gyrus,case,characteristic,ability,phonological,see,one,acquisition,language,system,phonological processing,rapid,symbols
red,blue,green,light,cell,color,count,white,gray,optical,channel,layer,chewing,neuronal,pink,show,disc,column,vu,infection,teeth,upper,system,cone,human,stem,lower,infrared,pyramidal,rod,darkness,unit,cord,fiber,modified,coronal,hurst,activities,density,jargon
control,healthy,hyperactivity,increased,compensate,general,reduced,lower,age,ill,lack,testing,problem,altered,alteration,program,pathological,poorly,lead,occupational,power,eleven,participate,severe,assisted,test,prolonged,maintaining,neurobehavioral,school,failure,activation patient,head injury,fifth,completion,diagnosed,prefrontal cortical,predominantly,inadequate,middle superior
trait,impulsivity,aggressive,behavior,neuroticism,associated,higher,extraversion,brain,person,scale,related,personality traits,dimensional,relationship,sample,measures,level,antisocial,psychotic,high,healthy,results,self report,questionnaire,seeking,model,total,individual difference,item,control,openness,well,right,reactive,negative,lower,regression,interpersonal,emotional
real,decoding,pseudo,free,fix,experimental,a3,cross,occipitotemporal cortex,white,type,testing,confusion,pb,imagine,sub,spontaneous,parietal area,personal communication,personal space,person,perpendicular,persistent,personality disorder,peroneal,permissiveness,permanent,periventricular white matter,periventricular,perisylvian,persistent vegetative state,personality traits,a1,perspective,phenomenon,phencyclidine,phase,pharyngeal,pharmacological,pharmacist
activation,related,increased,difference,pattern,may,greater,contrast,function,finding,response,analysis,condition,process,effect,baseline,comparison,associated,paradigm,due,reported,well,show,higher,addition,stimuli,number,expected,left,bilateral,control,lower,active,subject,suggest,button,area,task,threshold,small
salience,salient,salience network,a1,hallucination,delusions,distortion,reality,associated,a2,process,aberrant,logical,attribution,b1,relationship,b2,stimuli,logic,delusion,increased,bias,relevant,prone,external,deductive,central executive,monitoring,misattribution,specific,adaptive,phenomenon,source monitoring,decreased,research,presented,line,event,ideation,experience
pleasant,taste,unpleasant,swallowing,water,gustatory,rating,tongue,oral,sweet,activation,subject,liking,insula,intensity,sensory,mouth,concentration,brain,stimuli,tension,products,drink,human,time,salt,value,operculum,scale,reported,rolandic,related,order,test,bitter,primary,volume,difference,analysis,results
hemisphere,lateral,right,left,dominant,asymmetry,function,lh,handedness,pattern,difference,handed,interhemispheric,index,contralateral,frontal,one,value,unilateral,individual,indices,cerebral,show,anatomical,based,hand,bias,bilateral,intra,reported,predominantly,language,temporal lobe,organization,atypical,hemispheric specialization,area,symmetric,greater,line
negative,positive,positive negative,valence,negative positive,bias,affect,negative neutral,increased,value,response bias,information,scale,decreased,biases,neural,lower,point,negativity,regression,shift,average,biased,emotional valence,expected,partial,reversed,posterior cingulate,extreme,avoid,inferior frontal gyrus,good,formed,meaning,activities,task positive,like,autobiographical recall,enhancement,ii
pain,painful,rating,related,brain,analgesic,intensity,stimulation,noxious,process,stimuli,nociceptive,analysis,subject,sensory,insula,experience,pain perception,pain threshold,laser,affective,associated,level,thermal,reported,stimulus,heat,chronic pain,matrix,thalamus,scale,experimental,bilateral,region,response,induced,habituation,expectation,anterior insula,individual
item,new,old,mtl,recognition,test,correct,effect,confidence,region,associated,memory,finding,subsequent memory,recognition memory,response,source memory,judgment,see,presented,one,process,function,left,retrieval,contrast,rejection,strength,event,list,image,information,greater,recollection,accuracy,incorrect,type,reported,model,analysis
activity,related,increased,difference,greater,pattern,active,may,brain,associated,baseline,analysis,show,contrast,reported,neural,addition,see,response,decreased,specific,cortex,finding,activities,reduced,due,number,relationship,scanning,event,false memory,subsequent,suggest,comparison,time,stimuli,function,beta,engagement,magnitude
dmn,pcc,default mode,precuneus,rest,network,resting state,posterior cingulate cortex,network dmn,component,process,may,associated,resting,increased,activity,task positive,results,thought,decreased,well,external,maps,medial prefrontal cortex,pattern,posterior cingulate,relationship,self referential,spatial,bilateral,role,attention,subject,level,finding,cognitive,anti,midline,reduced,posterior
network,function,brain,interaction,fronto parietal,component,efficiency,local,global,spatial,large,information,structure,scale,distribution,system,related,pattern,hubs,default mode,dorsal attention,process,matrix,organization,hub,specific,intra,dynamic,associated,multiple,based,small,number,control network,executive control,path,high,characteristic,driven,theory
chinese,language,english,characteristic,l2,l1,bilinguals,brain,speaker,second,difference,left,greater,french,process,level,neural,effect,task,activation,results,first,orthographic,one,may,involved,age,acquisition,bilateral,analysis,ms,accuracy,comparison,image,german,system,word,reading,finding,acquired
level,cluster,size,threshold,higher,analysis,contrast,large,small,sample,correct,set,see,local,number,four,results,x,comparison,minimum,value,multiple,difference,range,one,extended,inference,random,total,family,average,hoc,supplementary,positive,primary,distribution,error,simulation,well,sub
novel,repetition,priming,prime,novelty,effect,repetition suppression,response,behavior,first,enhancement,ms,reduction,neural,repetition priming,related,stimulus,reduced,test,process,second,presented,task,new,implicit memory,stimuli,suppression,reaction time,may,paradigm,subsequent,time,facilitation,image,cortex,semantic priming,condition,explicit memory,trial,see
physiological,autonomic,pressure,brainstem,respiratory,blood,heart rate,hypothalamus,associated,cardiac,brain,lc,sympathetic,arousal,level,breathing,ne,subject,human,change,response,control,period,system,nuclei,wakefulness,regulation,midbrain,signal,rate,central,pons,skin conductance,peripheral,may,parasympathetic,heart,activity,state,time
older adults,adult,difference,fluency,compensate,greater,older,aging,related,reduced,oa,age,may,region,group,reduction,pattern,deficit,results,task,neural,increased,process,performance,show,analysis,behavior,see,phonemic,function,reported,frontal,preserved,review,bilateral,right,response,finding,prospective,resource
cognitive,test,associated,brain,executive,performance,executive function,cognition,cognitive function,assessment,ability,measures,education,abilities,higher,cognitive performance,healthy,memory,sample,relationship,function,frontal,process,scale,cognitive impairment,lower,neurocognitive,working memory,attention,digit,level,well,total,testing,number,analysis,specific,impairment,general,cognitive task
dual,single,tapping,coordination,driving,finger tapping,concurrent,cma,cancer,fb,taking,brain,secondary,process,tracking,multitasking,automaticity,increased,breast,finger,visual,resource,associated,management,counting,interference,continuous,performance,timing,primary,index,decreased,multi,lower,alone,paradigm,complex,component,model,higher
judgment,verb,noun,process,grammatical,judgment task,left,difference,subject,activation,number,one,based,comparison,neural,results,past tense,role,may,greater,task,morphology,event,contrast,pattern,presented,associated,reported,finding,ms,imageability,information,frequency,tense,type,experimental,suggest,posterior,order,direct
thalamus,basal ganglia,putamen,subcortical,cortical,thalamic,bilateral,globus pallidus,structure,loop,caudate,role,thalamo,dystonia,left putamen,cortico,right putamen,pathway,circuit,pulvinar,cerebellum,caudate nucleus,pallidus,subcortical structures,nuclei,well,thalamocortical,involved,motor,involvement,claustrum,anatomical,connectivity,projection,increased,brainstem,caudate putamen,addition,nucleus,insula
emotional,process,neural,affective,stimuli,emotional stimuli,valence,negative emotions,affect,arousal,limbic,involved,may,amygdala,emotional valence,system,emotional information,brain,task,response,well,associated,state,interaction,cognitive,emotional responses,activity,neutral stimuli,experience,basic,role,behavior,impact,specific,suggest,emotional memory,region,condition,reaction,intensity
modality,visual,sensory,auditory,modalities,interaction,cross modal,audiovisual,av,auditory visual,multisensory,visual auditory,unimodal,information,presented,see,specific,cortices,visual stimuli,multisensory integration,one,stimuli,auditory stimuli,vision,associated,visual stimulus,conjunction,modal,signal,multiple,finding,analysis,convergence,cortex,visual information,visuo,sound,sensory information,auditory imagery,results
force,chronic,tbi,injury,acute,reorganization,plasticity,brain,persistent,time,post,level,severe,increased,mild,change,concussion,recovery,isometric,clinical,function,compensate,finding,adaptive,compression,associated,scale,severity,brain injury,complete,reported,point,range,visual,analysis,measures,mechanisms,assessment,may,injuries
pair,associated,paired,word pairs,relationship,type,greater,second,related,first,one,presented,reversed,test,strength,shared,ms,single,compound,reported,member,value,definition,four,separated,event,combined,co,interval,third,order,mediated,unit,show,index,location,cross,continuous,oriented,free
gaze,saccade,eye,eye movement,eyes,direct,fixation,pursuit,anti,oculomotor,saccadic,pro,shift,tracking,blink,head,visual,related,frontal eye field,joint attention,time,location,system,signal,involved,instruction,open,ms,human,attention,subject,position,process,initiation,increased,point,supplementary eye field,behavior,correct,difference
face,ffa,process,image,right,region,selective,facial,fusiform gyrus,face recognition,stimuli,area,presented,face perception,individual,one,identity,sensitive,recognition,fusiform face,fusiform,neural,contrast,core,viewing,fixation,test,show,defined,photographs,difference,extended,may,task,stimulus,feature,specific,information,sts,ms
stop,pre sma,coherence,trial,stop signal,pa,process,task,stopping,response,behavior,accumulation,ms,signal,pre supplementary,results,subject,time,motor area,contrast,reaction time,image,button,success,press,model,greater,error,role,post,one,stimulus,right,delay,first,associated,x,finding,motor response,sma
color,interference,stroop,stroop task,effect,atd,neural,cognitive control,red,related,blue,information,green,interference resolution,four,interference control,task relevant,tryptophan,rate,word,cognitive,name,paradigm,type,presented,naming,performance,posterior,dyscalculia,response time,test,selective attention,behavior,classical,match,color perception,counting,negative priming,specific,written
eeg,erp,component,related,analysis,oddball,p3,process,frontal,activity,brain,single,negativity,trial,potential,p2,p1,time,standard,event,central,average,distribution,results,temporal,effect,stimulus,post,resolution,parietal,information,activities,electrical,wave,reference,system,negative,associated,paradigm,positive
prediction,coding,natural,text,bed,lower,validity,error,higher,expected,trial,line,cross,based,average,model,anticipation,text comprehension,top,addition,theories,probability,measures,timing,contrast,multiple,certainty,text processing,long,constant,pro,move,currently,swift,routine,sagittal plane,ventricular,disuse,planum polare,personality traits
gm,disease,gm volume,atrophy,analysis,brain,clinical,change,may,image,abnormal,epilepsy,loss,seizure,duration,temporal lobe,age,based,region,bilateral,ms,pathological,associated,decreased,increased,alteration,finding,control,epileptic,detected,without,neuronal,value,results,reported,onset,t1,mr,csf,mesial
treatment,baseline,change,clinical,therapy,follow,effect,time,post,pre,longitudinal,reduction,outcome,brain,first,igd,assessment,may,period,therapeutic,symptom,one,reported,resistance,measures,long term,second,size,research,efficacy,day,complete,non,sample,medication,cognitive,point,finding,potential,increased
perceptual,perception,conscious,detection,neural,awareness,sensory,subliminal,unconscious,reported,making,detected,threshold,ms,process,backward,top,involved,may,detection task,mechanisms,presented,activity,subject,button,role,test,perceiving,level,without,image,induced,suggest,rivalry,press,experimental,visual perception,finding,event,fusion
pattern,information,specific,discrimination,sensitive,analysis,difference,general,accuracy,type,set,based,one,level,feature,results,cross,test,first,four,image,metacognitive,discrimination task,distribution,see,process,order,individual,high,trial,testing,approach,separation,spatial,representation,linear,encoded,relevant,similarity,code
tpj,tom,mentalizing,mental state,intention,inference,theory mind,process,attribution,one,social cognition,temporo parietal,contrast,task,right,involved,understanding,precuneus,network,characteristic,region,interaction,ability,temporoparietal junction,iron,social,social cognitive,sts,bilateral,story,reasoning,medial prefrontal cortex,analysis,order,junction,individual,temporal pole,belief,thought,difference
cerebellum,lobule,crus,nf,vi,ii,motor,vermis,lobule vi,posterior,role,right,cerebellar vermis,cerebral,involved,cerebellar cortex,area,bilateral,viii,lateral,inferior,cortical,superior,dentate,cerebellar hemisphere,iv,lobe,function,human,dentate nucleus,cerebral cortex,prefrontal,based,cognitive,vii,part,cortico,anterior,cerebrum,nuclei
movement,execution,imitation,planning,arm,finger,pmv,reaching,hand,visuomotor,move,position,task,hand movements,without,visual,difference,preparation,head,grasping,active,right,specific,executed,involved,associated,observation,rest,experimental,related,parietal,instruction,neural,finger movements,contrast,role,subject,first,may,anatomical
vmpfc,dmpfc,value,ventromedial prefrontal cortex,dorsomedial prefrontal,cortex dmpfc,interaction,role,based,associated,function,evaluation,specific,x,ventromedial,positive,like,average,well,dorsal medial,defined,ventral medial prefrontal cortex,dorsal,human,contribution,prefrontal cortex,center,analysis,pcc,dorsomedial,optimism,cluster,outcome,central,work,driven,psychological,bilateral,orientation,potential
cs,extinction,aversive,fear,condition,shock,response,expectancy,acquisition,contingency,stimulus,activation,human,analysis,difference,general,trial,see,skin conductance,process,one,paired,brain,electrical,neural,first,learning,expression,appetitive,presented,test,time,paradigm,well,finding,stimuli,contrast,awareness,rating,level
pd,parkinson disease,medication,patient,disease,dopamine,motor,tremor,symptom,analysis,clinical,parkinson,change,difference,iii,related,stage,severity,increased,control,cortical,compensate,scale,dysfunction,decreased,visual hallucination,rating,rigidity,pathological,dementia,duration,group,lewy,results,without,age,non,comparison,movement,loss
ofc,orbitofrontal cortex,reversal,lateral,orbitofrontal,medical,associated,reversal learning,behavior,value,orbital,role,acquisition,involved,lateral orbitofrontal cortex,reinforcement,point,medial orbitofrontal cortex,affective,correct,decision making,right,frontal pole,activity,punishment,paralimbic,new,human,gyrus rectus,medial lateral,finding,prefrontal cortex,critical,frontopolar,inferior,addition,suggest,curiosity,subsequent,first
cocaine,drug,craving,dependent,addiction,use,brain,heroin,related,hiv,region,abstinence,may,alcohol,healthy,associated,behavior,substance,abuse,seeking,control,urine,reported,subject,induced,analysis,lower,duration,response,impulsivity,treatment,decreased,disorder,chronic,results,effect,drug addiction,iv,higher,self report
risk,alcohol,risk taking,high risk,family,behavior,drinking,may,brain,safe,history,increased,number,greater,alcohol consumption,decision making,related,sensitive,alcohol dependence,intoxication,time,sample,show,without,vulnerability,potential,higher,total,assessment,alcohol use disorder,binge,binge drinking,parent,offspring,seeking,healthy,risk aversion,cash,risk behavior,self report
word,concrete,process,frequency,abstract,presented,lexical decision,stimuli,effect,left,imageability,word recognition,results,difference,neural,ms,number,english,written,type,meaning,reaction time,noun,stimulus,contrast,finding,spoken,task,show,order,suggest,item,syllables,difficult,system,point,speaker,response time,one,cognitive
lesion,patient,damage,deficit,impairment,associated,function,focal,preserved,test,unilateral,case,clinical,mapping,performance,manic,based,may,hemisphere,see,role,symptom,severe,anatomical,ability,involvement,critical,range,finding,lobe,distribution,syndrome,assessment,loss,testing,specific,non,integrity,analysis,neurological
stress,reactivity,laughter,level,induced,acute,coping,axis,psychosocial,salivary,time,response,baseline,induction,higher,life,increased,well,activation,post,related,subject,psychological,physiological,day,point,limbic,sensitive,affect,healthy,human,pattern,prefrontal,reaction,regulation,vulnerability,state,change,reduced,assessment
acc,anterior cingulate cortex,dorsal,rostral acc,conflict,suicide,involved,role,cingulate cortex,cognitive,monitoring,behavior,process,suicidal,anterior cingulate,cingulate,subgenual,pregenual,rostral,function,may,increased,system,x,attention,detected,perigenual,division,regulation,decreased,bilateral,part,review,point,basis,cortex acc,caudal acc,lower,circuit,insula
patient,healthy,group,clinical,control,age,difference,results,comparison,test,disease,one,related,decreased,level,brain,hospital,analysis,without,reported,due,sample,increased,duration,number,compensate,symptom,impairment,characteristic,dysfunction,diagnosis,neurological,patients show,function,medication,pathological,alteration,correct,severe,size
s1,supplementary,s2,hypnosis,see,s3,pas,s4,c2,s5,sensory,individual,without,sample,general,bilateral,abstract,alteration,induction,decreased,attention,depth,dissociation,induced,relevant,value,splint,fast,representation,primary somatosensory cortex,reported,potential,clear,level,anterior,reduction,linked,correct,expected,reduced
ifg,ipl,mfg,spl,left,bilateral,inferior frontal gyrus,process,role,involved,neural,inferior parietal lobule,information,middle frontal gyrus,sma,addition,analysis,value,results,network,based,superior parietal lobule,precuneus,beta,multiple,frontal,program,four,precentral gyrus,defined,part,triangular,interaction,suggest,relevant,pars triangularis,fronto parietal,pars opercularis,demand,index
high,low,level,higher,effort,lower,medium,frequency,contrast,value,four,resolution,median,results,range,addition,greater,gift,manipulation,main,sensitive,low level,top,order,average,contribution,due,affect,female,see,show,divided,influence,poor,good,resource,pre,large,relevant,measures
state,name,goal,referential,first,dream,induced,approach,subject,oriented,work,one,focus,well,open,son,impact,failure,cognitive dissonance,show,cognitive,part,act,system,issue,paradigm,period,least,ideal,third,minimal,clear,motivation,local,people,making,term,theory,internal,entering
caudate,dopamine,striatal,striatum,da,caudate nucleus,midbrain,putamen,ventral striatum,associated,system,dorsal striatum,ventral,caudate putamen,role,neuronal,human,dorsal,fronto striatal,receptor,nucleus accumbens,availability,head,behavior,substantia nigra,projection,animal,corticospinal,signaling,finding,cortico,ventral tegmental area,habenula,cortical,limbic,bilateral,x,subcortical,results,pathway
game,intention,partner,human,behavior,computer,cooperative,rejection,interaction,trust,punishment,brain,agency,one,response,neural,first,agent,role,joint,involved,results,social interaction,acceptance,money,see,may,associated,rate,norm,economic,right,contrast,altruistic,level,outcome,time,region,decision,order
task,one,performance,button,presented,difference,control task,demand,results,fixation,rest,response,related,experimental,activation,active,press,cognitive,may,difficult,order,instruction,process,four,comparison,specific,simple,baseline,task demands,activity,cognitive task,control,common,complete,reaction time,first,hand,behavior,level,condition
recall,ambiguous,ambiguity,ht,dominant,order,memory recall,availability,resolution,uncertainty,see,memory consolidation,clear,potential,aversion,reference,partial,intermediate,correct,range,well,ache,never,intolerance,distribution,role,case,pre,field,return,combined,containing,spontaneous recovery,referred,prefrontal cortex,sense,place,modified,individual,absence
hippocampus,medial temporal,parahippocampal,memory,parahippocampal gyrus,structure,lobe,relationship,bilateral,posterior,anterior hippocampus,associated,function,right,role,well,volume,finding,episodic memory,anterior posterior,human,may,axis,dependent,anterior,head,critical,scanning,tail,single,formation,animal,see,declarative memory,spatial,suggest,combined,healthy,sample,multiple
music,musical,rhythm,musicians,expertise,listening,structure,melody,process,brain,perception,professional,experience,dance,song,right,chord,one,well,without,auditory,level,bilateral,instrumental,training,dissonance,tg,part,finding,reported,acoustic,scale,related,stimuli,control,contrast,consonant,difference,listened,test
regulation,emotion regulation,reappraisal,cognitive,emotional,negative,instruction,regulate,negative affect,image,strategies,affect,condition,rating,negative emotion,strategy,neural,success,negative emotions,one,region,response,prefrontal,task,affective,may,cognitive control,ability,contrast,suppression,use,self report,associated,attended,left,reactivity,decreased,trial,experience,activation
reward,motivation,anticipation,ventral striatum,incentive,reward processing,punishment,monetary,related,response,money,value,rewarding,task,neural,behavior,reward anticipation,sensitive,nucleus accumbens,system,outcome,monetary reward,trial,anhedonia,process,associated,striatal,magnitude,dopamine,mesolimbic,based,striatum,potential,stimuli,pleasure,ventral,analysis,reaction time,finding,type
placebo,effect,drug,concentration,induced,receptor,level,increased,treatment,acute,human,time,reduced,serotonin,inflammatory,blood,day,brain,system,response,subject,change,infusion,pharmacological,healthy,reduction,opioid,test,baseline,condition,endogenous,blind,double,neuronal,serotonergic,animal,activity,decreased,dependent,one
non,figure,pre,conflict,research,co,absence,x,hall,financial,beta,potential,axis,bar,shared,solid,todd,ground,text,iis,van,tune,border,post central gyrus,bell,lange,collection,family,gray,a6,basal nucleus,barnes,chromatic,circle,meyer,occipital pole,confidence,spots,becker,meynert
phonological,lexical,pseudoword,left,process,phonological processing,word,representation,frequency,spoken,activation,involved,item,phonemic,articulation,model,sublexical,task,conversion,posterior,consonant,one,written,access,semantic,sound,route,form,area,inferior frontal gyrus,superior temporal gyrus,lexicon,role,auditory,syllables,temporo parietal,word production,mapping,number,supramarginal gyrus
action,observation,mirror,neuronal,human,motor,goal,system,action observation,simulation,hand,representation,understanding,one,involved,specific,related,activation,premotor,intention,direct,goal directed,see,premotor cortex,role,grasping,activity,action execution,execution,left,part,experimental,parietal,finding,may,first,act,show,abstract,action perception
training,pre,post,change,time,transfer,effect,test,brain,induced,period,increased,results,one,plasticity,practice,day,program,experimental,complete,first,well,see,skill,control,neural,group,behavior,cognitive training,performance,gain,specific,measures,reduction,decreased,point,rest,level,baseline,new
visual cortex,blind,visual,sighted,tactile,occipital cortex,visual area,occipital,braille,cortex,vision,blindness,primary visual cortex,sensory,function,early,plasticity,visual cortices,checkerboard,early visual,deprivation,experience,extrastriate,cross modal,lgn,people,calcarine,subject,sight,age,reorganization,calcarine sulcus,show,visual system,congenital,rest,discrimination,ba18,ba17,contrast
age,related,older,aging,change,brain,effect,elderly,decline,old,function,associated,middle,healthy,range,linear,regression,process,compensate,frontal,sample,finding,increased,group,decreased,reported,ages,model,analysis,dependent,adult,pattern,relationship,ageing,results,cross,bilateral,reduced,cognitive,education
depression,mdd,healthy,episode,may,mood,clinical,depressive symptom,bipolar disorder,abnormal,illness,finding,bipolar,increased,medication,limbic,associated,region,history,symptom,control,severity,reported,decreased,diagnosis,disorder,major depressive disorder,major depression,sample,first,ii,rumination,scale,psychiatric,analysis,rating,iv,subgenual,results,emotional
object,loc,image,shape,grasp,function,one,grasping,object recognition,cortex,left,see,tool,use,region,contrast,lateral occipital,trial,presented,four,based,manipulation,results,area,location,representation,selective,size,picture,exploratory,time,role,part,task,stream,difference,visual,viewing,type,stimuli
frequency,power,band,alpha,eeg,gamma,beta,slow,oscillations,range,analysis,rhythm,activity,signal,delta,neuronal,fast,specific,cortical,low,results,spectrum,higher,spatial,brain,time,lower,reported,relationship,source,distribution,induced,value,associated,dependent,rem sleep,dynamic,multiple,right,show
early,stage,late,onset,first,nf1,process,period,time,life,acquisition,setting,acquired,results,subsequent,lower,contrast,age,critical,focus,average,divided,timing,mediated,apparent,help,access,ages,neurofibromatosis type 1,scheme,area 32,retention,naturalistic,area 13,pessimism,pes,pervasive,perspective,personnel,persistent vegetative state
anxiety,anticipation,trait anxiety,anxiety disorder,increased,social anxiety,associated,related,brain,general,clinical,healthy,symptom,disorder,state,worry,panic disorder,scale,specific,criticism,process,bnst,level,sample,finding,high,negative,emotional,social anxiety disorder,analysis,stimuli,questionnaire,sensitive,aversive,reported,psychiatric,right,self report,measures,higher
imagery,imagine,mi,motor imagery,foot,mental imagery,gait,walking,visual imagery,imagination,mental,movement,locomotor,kinesthetic,activation,ankle,task,brain,lower,limb,ability,subject,results,first,shoulder,may,active,rest,representation,finding,image,activity,knee,period,reported,leg,execution,involved,physical,questionnaire
experience,awareness,thought,mindfulness,feeling,mind,subject,brain,reported,related,associated,practice,one,wandering,focus,mental,death,questionnaire,compassion,conscious,may,life,sense,time,psychological,form,state,scale,finding,self report,attention,objective,physical,sensation,dai,active,without,non,internal,monitoring
ad,mci,atrophy,dementia,alzheimer disease,disease,group,clinical,diagnosis,pathological,early,may,region,analysis,amyloid,brain,patient,healthy,elderly,memory,episodic memory,mild cognitive impairment,control,change,image,associated,cognitive,based,loss,stage,results,cognitive decline,impairment,biomarker,mild,metabolic,amnestic,education,finding,medial temporal
use,cannabis,substance,drug,heavy,alcohol,marijuana,reported,associated,effect,may,history,past,illicit,chronic,finding,time,increased,marijuana use,greater,sample,adolescent,dependent,non,onset,urine,measures,brain,initiation,number,alteration,day,follow,self report,frequency,difference,total,age,period,altered
tool,infant,mother,parent,child,maternal,synchrony,father,baby,care,interaction,brain,parenting,sensitive,use,behavior,may,response,one,separation,praxis,viewing,human,specific,show,unfamiliar,early,contrast,stimuli,quality,home,birth,first,involved,maternal behavior,apraxia,experience,left,sample,research
voice,prosody,speaker,illusion,right,acoustic,prosodic,process,sts,vocal,speech,recognition,information,sensitive,analysis,linguistic,bilateral,direct,spoken,intonation,perception,stimuli,test,cues,human,communication,level,identification,contrast,hemisphere,first,part,one,suprasegmental,word,duration,temporal,temporal lobe,male,second
virtual,navigation,deception,egocentric,route,truth,pointing,lie,location,lying,maze,spatial,point,spatial navigation,human,spatial memory,survey,retrosplenial cortex,path,first,right,representation,one,trial,reality,map,goal,information,analysis,place,results,role,interaction,perspective,position,retrosplenial,distance,experimental,real world,based
video,gesture,communication,clips,viewing,video clips,watching,aon,film,related,interaction,brain,neural,process,naturalistic,iconic,see,occlusion,information,condition,hand,co,recognition,type,involved,observation,meaning,natural,movement,well,without,response,point,stimuli,ig,common,comparison,gestural,contrast,dance
scene,ppa,image,place,analysis,spatial,natural,region,subiculum,parahippocampal,dg,representation,viewing,visual,may,selective,complex,fine,parahippocampal cortex,ca1,coarse,results,construction,defined,posterior,object,main,specific,greater,individual,retrosplenial cortex,first,contrast,parahippocampal gyrus,high,single,picture,role,ca3,response
wm,wm task,maintenance,related,information,process,set,analysis,sample,left,order,bilateral,specific,results,role,involved,regression,relationship,spatial,capacity,dependent,common,verbal,digit,posterior,sensitive,encoding,comparison,reduced,ms,line,higher,resistance,part,size,direct,performance,match,suggest,item
smokers,smoking,nicotine,withdrawal,craving,cigarette,related,abstinence,drug,brain,nicotine dependence,reactivity,may,level,tobacco,smoking cessation,effect,sample,day,chronic,non,addiction,greater,neural,induced,co,cigarette smoking,reported,associated,scanning,increased,image,self report,dependent,research,acute,withdrawal symptoms,one,test,smoking behavior
learning,learned,associated,test,learn,novel,new,first,time,acquisition,trial,correct,second,behavior,based,learning task,consolidation,rate,see,testing,knowledge,one,change,scanning,involved,form,role,acquired,brain,presented,system,performance,day,well,interaction,neural,mechanisms,structure,formation,analysis
change,signal,tinnitus,increased,related,decreased,may,time,difference,subject,induced,reduction,dependent,due,analysis,neuronal,effect,show,magnitude,average,comparison,period,detected,measures,detection,blood,absence,threshold,multiple,value,altered,affect,global,habituation,contrast,duration,consecutive,characteristic,phantom,pulsatile
rule,shift,dimensional,updating,one,shifting,instruction,correct,set,based,first,card,trial,sorting,set shifting,stimulus,new,four,id,frontopolar cortex,order,type,process,active,number,information,second,activation,prefrontal cortex,relevant,contrast,time,cortex,cognitive,color,frontopolar,left,change,lead,flexibility
value,analysis,subject,based,one,number,individual,maps,approach,test,results,method,set,distribution,time,average,single,spatial,brain,standard,map,show,linear,variability,order,signal,see,function,use,space,first,point,regression,x,defined,difference,matrix,well,large,multiple
sleep,uncertainty,quality,night,vigilance,sleep deprivation,certainty,wake,clock,day,duration,time,associated,consolidation,increased,brain,insomnia,reduced,illegal,subject,level,reported,total,daytime,decreased,may,period,loss,first,non,poor,sleep disorder,due,light,variability,arousal,average,transition,number,suggest
posterior,anterior,region,dorsal,ventral,function,human,part,lateral,medical,anatomical,cortex,area,rostral,maps,caudal,organization,pathway,anterior posterior,location,portion,structure,stream,dorsal ventral,map,well,defined,hemisphere,axis,inferior,based,resolution,contrast,see,projection,pattern,middle,probability,mapping,dissociation
ms,source,latency,onset,difference,time,location,localization,latencies,head,analysis,results,stimulus,distribution,field,spatial,right,activity,cortical,interval,model,neural,resolution,first,finding,f1,grand,position,show,channel,space,magnetic,system,component,c1,orientation,may,one,average,active
symptom,ocd,severity,insight,clinical,disorder,abnormal,symptom severity,control,scale,finding,obsessive compulsive disorder,reported,brain,increased,dysfunction,medication,associated,may,dimensional,obsessive compulsive,total,tic,group,patient,alteration,hyperactivity,healthy,analysis,sample,psychiatric,illness,depression,specific,anxiety,obsession,tics,tourette syndrome,iv,thought
writing,drawing,style,phobia,phobic,specific,line,written,write,draw,hand,artistic,characteristic,exner,borderline,contrast,buffer,cognitive,process,agraphia,writer cramp,involved,central,subject,memory,order,part,well,x,fusiform gyrus,questionnaire,main,image,due,involvement,trace,precuneus,student,peripheral,prone
attention,attended,top,task,orienting,right,focus,spatial attention,selective attention,attentional control,location,spatial,relevant,one,ms,process,fronto parietal,shift,effect,visual attention,direct,visual,sustained attention,attending,may,left,driven,ventral,attention network,event,behavior,control,stimuli,stimulus,sensory,system,results,detection,divided attention,stream
women,female,sex,difference,men,gender,male,brain,higher,greater,level,sample,related,hormone,reported,specific,age,results,show,sexual,lower,well,finding,comparison,healthy,group,interaction,size,may,post,cycle,pattern,x,biological,effect,human,influence,hoc,status,dimorphic
visual,fixation,orientation,location,area,visual field,position,central,tracking,center,horizontal,vertical,peripheral,see,human,field,one,pupil,depth,ips,lower,visual area,neuronal,presented,representation,defined,parietal,region,upper,left,size,distance,show,space,line,four,right,higher,vision,bar
representation,concept,knowledge,abstract,similarity,specific,anterior temporal,lobe,information,based,one,associated,feature,function,distribution,form,perceptual,shared,manipulation,general,cortex,finding,role,theories,model,theory,common,temporal lobe,part,sensory motor,name,first,temporal,access,object,hub,semantic category,space,single,four
acupuncture,sham,stimulation,sensation,effect,brain,point,deep,specific,results,may,induced,aftereffect,clinical,response,one,manipulation,treatment,area,post,therapeutic,laser,related,transcranial,superficial,difference,experimental,intensity,analysis,healthy,limbic,control,local,medicine,rest,associated,region,chinese,subject,test
v,de,la,long term,le,immediate,du,impact,rose,vi,gu,club,enhancement,athlete,alert,hoffman,short,levin,shaw,sheehan,carmichael,shin,weber,availability,horizontal,disclosure,sleep apnea,trace,berman,feeding,post central gyrus,au,der,amaral,foley,rostroventral,schroeder,brodmann area 8,reid,dougherty
spatial,shape,visuospatial,rotation,relationship,mental rotation,process,location,reference,space,parietal,angle,involved,right,position,mr,difference,spatial information,parietal cortex,superior parietal,information,spatial processing,analog,type,image,involvement,interaction,dimensional,presented,one,mental,line,precuneus,posterior parietal,accuracy,response time,specific,bilateral,orientation,domain
social,attachment,social cognition,social interaction,brain,peer,well,interpersonal,people,inclusion,social context,social behavior,process,social cognitive,information,experience,person,one,response,relationship,social perception,social rejection,relevant,scale,higher,research,role,affective,see,interaction,reported,emotional,involved,influence,cues,may,self report,sensitive,basic,feeling
cortical,tms,surface,cortex,based,hemisphere,point,induced,area,head,magnetic stimulation,phantom,transcranial,intensity,magnetic,anatomical,distance,local,projection,resolution,cerebral cortex,remote,neuronal,individual,distribution,average,correct,field,pattern,channel,relationship,system,effect,sulci,white,stimulation,cortices,case,human,future
suppression,muscle,voluntary,vestibular,balance,bladder,involuntary,proprioceptive,postural,head,rest,floor,blink,pelvic,closure,micturition,bone,reflex,right,activation,induced,may,afferent,control,reported,activity,involved,initiation,rotation,phosphene,vibration,cortical,neck,response,center,inhibition,associated,subject,brain,sensory
motor,sma,m1,hand,sensorimotor,movement,motor cortex,pmd,premotor cortex,motor area,bilateral,primary motor cortex,premotor,task,related,area,supplementary motor area,function,rest,contralateral,motor control,sensory,left,motor task,ipsilateral,motor system,may,activation,sensorimotor cortex,execution,activity,limb,sensory motor,right,finger,premotor area,motor network,motor performance,muscle,cortices
stimuli,stimulus,process,response,presented,difference,type,results,one,experimental,see,comparison,contrast,order,ms,role,involved,level,event,neuronal,well,correct,reported,subject,specific,relevant,condition,button,individual,paradigm,analysis,rate,structure,based,random,trial,standard,single,main,neural
ba,ba 44,brodmann area,cortex ba,inferior parietal lobule,middle frontal gyrus,superior temporal gyrus,involved,inferior frontal gyrus,medial frontal gyrus,ff,x,prefrontal cortex,cingulate gyrus,posterior cingulate,anterior cingulate,monitoring,information,middle temporal gyrus,middle,prefrontal,parahippocampal gyrus,reported,superior frontal gyrus,gyrus ba,precuneus,reference,anterior cingulate gyrus,temporal gyri,fusiform gyrus,portion,neurological,cuneus,inferior,superior,taking,higher,cortical,demand,abstract
cerebral,active,metabolic,flow,passive,blood,resting,neuronal,global,image,rest,emission,value,comparison,brain,rate,reported,subject,induced,activity,anesthesia,higher,quantitative,mapping,eyes,transmission,direct,lower,concentration,resolution,attention,without,projection,spatial,local,water,period,energy,associated,physiological
familiar,recollection,unfamiliar,based,recognition,contrast,perirhinal cortex,difference,process,associated,see,subject,recognized,objective,strength,image,remember,stimuli,case,novel,type,one,anterior,comparison,perirhinal,finding,results,form,role,well,name,response,rhinal,theory,experience,x,hand,related,due,false
amygdala,amygdala response,analysis,emotional,stimuli,process,role,right,may,left,finding,limbic,bilateral,human,results,amygdala hippocampus,healthy,structure,response,habituation,relevant,function,increased,prefrontal,anatomical,volume,amygdala insula,prefrontal cortex,emotional stimuli,condition,aversive,work,show,negative,control,salient,amygdala anterior,reactivity,well,affective
context,information,schema,reactive,relevant,presented,context dependent,interaction,proactive,process,lower,results,event,proactive control,associated,critical,pattern,mechanisms,framing,sensitive,manipulation,representation,local,suggest,global,expectation,alone,influence,isolation,involvement,parahippocampal cortex,situation,specific,goal,expected,work,top,flexibility,source,beta
cue,cues,cued,cueing,neural,trial,presented,type,related,ms,paradigm,interval,information,preparation,validity,contrast,spatial,process,anticipation,cue validity,subsequent,induced,behavior,expectation,onset,signal,value,retro,event,stimulus,visual,period,expected,mechanisms,based,analysis,four,non,index,duration
naming,generation,production,overt,aphasia,name,covert,verbal fluency,associated,left,task,picture,area,language,pattern,word,see,generate,correct,word generation,retrieval,number,results,single,specific,speech,speech production,verbal,may,one,related,presented,item,analysis,semantic,articulation,oral,producing,head,anomia
adhd,youth,children,adult,brain,medication,diagnosis,symptom,hyperactivity,disorder,parent,region,sample,finding,attention deficit hyperactivity disorder,control,difference,deficit,group,birth,clinical,comparison,iv,scale,childhood,impulsivity,age,right,analysis,inattention,attention,associated,healthy,adolescents,decreased,term,without,abnormal,effect,left
